,Title,Price
0,Apple 13インチ MacBook ...,"144,800円"
1,Bluelounge Kickflip ...,"2,980円"
2,Apple 13インチ MacBook ...,"204,800円"
3,MacBook 着脱式 のぞき見防止フィ...,"3,680円"
4,新品　純正品　 APPLE MacBoo...,"9,200円"
5,Satechi Type-C アルミニウ...,"12,212円"
6,高品質PUレザー マルチビジネスバッグM...,"2,138円"
7,Apple 純正品 MacBook Pr...,"6,480円"
8,ノートパソコン ケース 本革 「ひとつで...,"4,980円"
9,moshi Clearguard MB ...,"2,980円"
10,USB-C 6in1 HDMI4K&カー...,"4,580円"
11,【TUNEWEAR / チューンウェア】...,"7,980円"
12,PCケース マックケース macbook...,"3,300円"
13,MacBook Pro 13 ケース 2...,"3,480円"
14,moshi iGlaze MacBook...,"7,980円"
15,中古 Apple 60W MagSafe...,"4,980円"
16,2018 MacBook Air 13イ...,"5,940円"
17,MacBook ケース MacBook ...,"1,899円"
18,HYPER++ HyperDrive 7...,"9,050円"
19,MacBook Pro 15インチ (2...,"3,240円"
20,RetinaGuard Macbook ...,"7,425円"
21,Simplism MacBook Pro...,"3,320円"
22,新品　純正品　APPLE　MacBook...,"8,400円"
23,moshi iGlaze MacBook...,"8,580円"
24,【 MacBook Pro & Air ...,"3,980円"
25,【 MacBook Pro & Air ...,"3,980円"
26,中古 MacBookPro/13インチ/...,"58,000円"
27,macbook pro retina 1...,"1,180円"
28,buzzhouse design Mac...,"14,040円"
29,Transcend SSD MacBoo...,"34,800円"
30,MacBook Air 13インチ / ...,"10,692円"
31,新品　純正品　 APPLE MacBoo...,"8,800円"
32,moshi Clearguard MB ...,"2,980円"
33,Bluelounge MacBook p...,"3,240円"
34,MacBook Pro 13インチ (2...,980円
35,JISONCASE Macbook ai...,"5,480円"
36,【クリアランス SALE】 ノートパソコ...,"5,199円"
37,MacBook Pro 13インチ (2...,"2,808円"
38,MacBook Pro 13 インチ (...,"2,099円"
39,Simplism MacBook Pro...,"3,320円"
